source,target,relation_context
system_thinking,product_thinking,both model wholes before optimizing parts
system_thinking,frontend_architecture,component systems are dependency graphs with emergent behavior
system_thinking,cognitive_architectures,AI cognition modeled as interacting subsystems
system_thinking,creative_systems,creativity as emergent output of constrained systems
system_thinking,event_driven_architecture,systems that react rather than poll mirror natural feedback loops
system_thinking,djent_progressive_metal,compositional complexity as deliberate system design
system_thinking,domain_modeling,naming the right entities is systems thinking applied to code
system_thinking,agentic_systems,autonomous agents require modeled environments to act within
human_consciousness,ai_alignment,alignment is ultimately about respecting conscious experience
human_consciousness,transformer_models,attention mechanisms as a crude mirror of selective human awareness
human_consciousness,existential_sci_fi,the genre exists to interrogate what consciousness means at its edges
human_consciousness,mysticism,mystical traditions are pre-scientific attempts to map conscious experience
human_consciousness,sufism,sufi practice centers on dissolving the boundary of individual consciousness
human_consciousness,introspection,introspection is the only first-person instrument we have for studying consciousness
human_consciousness,music_as_medicine,music alters conscious states in measurable and felt ways
human_consciousness,ufo_contact_cinema,contact narratives are really about consciousness encountering radical otherness
human_consciousness,simulation_reality,if reality is simulated consciousness is the only thing that remains unexplained
human_consciousness,clair_obscur,the game's premise lives entirely inside questions of memory and conscious continuity
human_consciousness,death_stranding,strand theory is consciousness externalised as infrastructure
human_consciousness,synthetic_memory,what makes memory authentic if it can be constructed
human_consciousness,consciousness_related_phenomena,consciousness-related phenomena are the empirical edge of this inquiry
symbolism,symbolic_lyricism,lyrics as compressed meaning every word load-bearing
symbolism,sonic_symbolism,timbre and texture carry meaning beyond the notes themselves
symbolism,sacred_geometry,geometry as a symbolic language for universal order
symbolism,ancient_symbolism,symbols that survived millennia did so because they mapped something true
symbolism,religious_symbolism,religious iconography as a shared symbolic operating system
symbolism,mythology,myths are symbolic narratives encoding cultural memory
symbolism,freemasonry,freemasonry is an initiatic system built entirely on symbolic instruction
symbolism,rosicrucian_ideas,rosicrucian tradition uses symbol as the primary vehicle of esoteric knowledge
symbolism,gothic_dark_fantasy,the gothic aesthetic is a symbolic vocabulary for mortality and the sublime
symbolism,visual_storytelling,every visual choice in storytelling is a symbolic act
symbolism,algorithmic_ui_theming,a design token system is a symbolic language for visual intent
symbolism,alliteration_in_lyrics,sound patterns as micro-symbols that create emotional resonance before meaning lands
symbolism,symbolic_archaeology,archaeology of symbols traces how meaning migrates across cultures and time
emotional_integration,introspection,integration requires turning inward before it can move outward
emotional_integration,music_as_medicine,music as a container for emotions that have no other form
emotional_integration,songwriting,songwriting as a technology for processing what can't be said directly
emotional_integration,honesty,integration without honesty is just suppression with better branding
emotional_integration,longing_as_fuel,unintegrated longing is the most generative emotional state
emotional_integration,darkness_as_metaphor,darkness in art is emotional truth given permission to exist
emotional_integration,the_psychology_of_grief,grief is the integration process for loss
emotional_integration,acceptance_through_motion,the body processes what the mind resists
emotional_integration,conscious_reintegration,the endpoint of integration is a self that includes rather than excludes
emotional_integration,folk_singer_songwriter,the genre's entire tradition is emotional truth over production
emotional_integration,modal_interchange,borrowed chords create emotional ambiguity that mirrors the integration process
recursive_learning,metaphor_driven_learning,metaphors are recursive — each one opens a door to the next
recursive_learning,learning_by_building,building is the outer loop; reflection is the inner loop
recursive_learning,transformer_models,transformers learn by attending to their own previous representations
recursive_learning,prompt_engineering,prompting is a feedback loop between intent and model output
recursive_learning,identity_through_craft,craft accumulates through recursive cycles of attempt and refinement
recursive_learning,recursive_understanding,understanding deepens by returning to the same idea at higher resolution
recursive_learning,ai_assisted_creativity,AI accelerates the feedback loop between idea and execution
recursive_learning,performance_over_perfection,shipping closes the learning loop that planning keeps open
wonder,awe,wonder is the question; awe is when the question dissolves
wonder,the_unknown,wonder requires not-knowing as its precondition
wonder,mysteries,mysteries are wonder given a subject to orbit
wonder,speculative_cosmology,cosmology is wonder operating at the largest possible scale
wonder,existential_sci_fi,the genre's highest form is wonder weaponized into narrative
wonder,ufo_contact_cinema,contact films are wonder at its most visceral — the unknown made visible
wonder,sacred_geometry,geometric harmony produces wonder through pattern recognition at scale
wonder,building_things_that_feel_alive,the aliveness of a thing is what makes it worth building
wonder,goosebump_inducing_resolution,musical resolution as a physical manifestation of awe
wonder,youtube_rabbit_holes,rabbit holes are wonder with an algorithm
wonder,exploration,exploration is wonder with legs
awe,geometric_harmony,geometry produces awe when pattern and scale exceed expectation
awe,cinematic_experiences,cinema at its best manufactures awe through scale and emotional precision
awe,myth_spectacle,spectacle is awe delivered industrially
awe,mayan_tzolkin,the Tzolk'in produces awe through the precision of its cyclical mapping
awe,nature,nature is the oldest awe delivery system
identity_through_craft,music_as_identity,the instrument you choose and how you play it is a self-portrait
identity_through_craft,songwriting,every song is a statement of who you are at the moment of writing
identity_through_craft,portfolio_as_product,a portfolio is identity through craft made navigable
identity_through_craft,performance_over_perfection,identity solidifies through shipping not planning
identity_through_craft,honesty,craft without honesty produces technically correct work that feels hollow
identity_through_craft,ownership_culture,ownership is identity through craft applied to teams
identity_through_craft,interview_storytelling,the best interview answers are craft origin stories
identity_through_craft,project_does_the_talking,letting work speak is the highest form of identity through craft
identity_through_craft,grunge,grunge was identity through craft as explicit rejection of polish
identity_through_craft,soulslike,soulslike games make identity through repeated failure and refinement
creative_systems,ai_assisted_creativity,AI is a new primitive in the creative system's toolkit
creative_systems,album_sequencing,an album is a creative system with emotional arc as its architecture
creative_systems,design_systems,a design system is creativity systematized without killing spontaneity
creative_systems,component_systems,component systems are creative constraints that accelerate rather than limit
creative_systems,live_performance_design,live performance is a creative system with real-time feedback
creative_systems,agentic_systems,agentic AI is a creative system that can author its own next step
creative_systems,workflow_automation,automation frees the creative system from repetitive overhead
creative_systems,token_based_theming,design tokens are the grammar of a visual creative system
creative_systems,building_things_that_feel_alive,a creative system succeeds when its output surprises even its author
observation_as_superpower,engineering_judgment,the best debugging starts with watching before touching
observation_as_superpower,ux_engineering,UX insight comes from watching how people actually behave not how they say they do
observation_as_superpower,emotional_intelligence,emotional intelligence is observation applied to self and people in real time
observation_as_superpower,prompt_engineering,effective prompting requires observing exactly what the model does not what you expect
observation_as_superpower,performance_debugging,flame charts reward the patient observer
observation_as_superpower,recruiter_experience_psychology,reading the room in an interview is observation as superpower in practice
observation_as_superpower,atmospheric_production,great producers observe the emotional gap a sound needs to fill
honesty,deep_conversations,honesty is the precondition for a conversation that actually goes somewhere
honesty,songwriting,the songs that land are the ones where the writer didn't protect themselves
honesty,performance_over_perfection,shipping imperfect work is honesty about the limits of preparation
honesty,interview_storytelling,the most memorable interview answers are the ones that admit something real
honesty,ownership_culture,ownership requires honesty about what's broken before it can be fixed
honesty,tradeoff_analysis,honest tradeoff analysis means naming what you're actually sacrificing
honesty,fringe_epistemology,fringe thinking at its best is honesty about what consensus excludes
building_things_that_feel_alive,interactive_portfolios,a portfolio feels alive when it responds to the person looking at it
building_things_that_feel_alive,motion_design,motion is the difference between a UI and a living thing
building_things_that_feel_alive,subtle_animation_systems,aliveness lives in the details — the spring the easing the breath
building_things_that_feel_alive,shader_effects,shaders are the closest code gets to painting light
building_things_that_feel_alive,music_as_medicine,music feels alive because it changes you while you're inside it
building_things_that_feel_alive,performance_over_perfection,a thing can feel alive and unfinished at the same time
building_things_that_feel_alive,atmospheric_narrative,games feel alive when the world persists whether you're watching or not
building_things_that_feel_alive,three_js,three.js is the entry point for making the browser feel spatial
building_things_that_feel_alive,canvas_rendering,canvas is where code stops being logic and starts being experience
ai_assisted_creativity,prompt_engineering,prompting is the new instrument; learning it is learning to play
ai_assisted_creativity,songwriting,AI as a collaborator that reflects your creative intent back at higher resolution
ai_assisted_creativity,metaphor_driven_learning,AI learns best when given metaphors to anchor abstract intent
ai_assisted_creativity,frontend_architecture,AI-assisted engineering changes what's worth building by hand
ai_assisted_creativity,workflow_automation,creativity at scale requires automating everything that isn't the creative act itself
ai_assisted_creativity,mvp_thinking,AI compresses the distance between idea and testable thing
ai_assisted_creativity,sound_design,AI opens new primitives for sound that didn't exist in the analog chain
product_thinking,mvp_thinking,MVP is product thinking applied under resource constraint
product_thinking,tradeoff_analysis,every product decision is a tradeoff with a user on one end
product_thinking,engineering_judgment,the best engineers think in products not just systems
product_thinking,portfolio_as_product,treating a portfolio as a product means having a user and a conversion goal
product_thinking,ai_product_design,AI products require product thinking at the model boundary not just the UI
product_thinking,recruiter_experience_psychology,understanding your recruiter is product thinking applied to job search
product_thinking,operational_maturity,a product without operational maturity is a demo not a product
product_thinking,product_roadmapping,roadmapping is product thinking made visible and debatable
product_thinking,personalized_ux,personalization is product thinking taken to its logical conclusion
introspection,songwriting,songs begin where introspection runs out of language
introspection,honesty,honesty is introspection with the filter removed
introspection,observation_as_superpower,introspection turned outward becomes observation
introspection,deep_conversations,deep conversation is introspection made relational
introspection,the_psychology_of_grief,grief forces introspection whether you choose it or not
introspection,longing_as_fuel,longing is what introspection keeps returning to
introspection,folk_singer_songwriter,the genre is introspection with a guitar
introspection,quiet_spaces,quiet spaces are the physical infrastructure of introspection
introspection,rainy_atmospheres,rain externalises the internal weather introspection navigates
cognitive_architectures,transformer_models,transformers are one attempt to approximate cognitive architecture in silicon
cognitive_architectures,attention_mechanisms,attention is the cognitive architecture's solution to the relevance problem
cognitive_architectures,synthetic_memory,memory architecture determines what a system can know about itself over time
cognitive_architectures,agentic_systems,an agent is a cognitive architecture with a goal and an environment
cognitive_architectures,human_consciousness,cognitive architecture is the map; consciousness is the territory it can't fully capture
cognitive_architectures,metaphor_driven_learning,humans build cognitive architecture through metaphor before abstraction
cognitive_architectures,recursive_understanding,deep understanding requires a cognitive architecture that can model itself
cognitive_architectures,guardrails_for_ai_systems,guardrails are constraints imposed on cognitive architecture from outside
ai_alignment,cognitive_architectures,alignment requires understanding the architecture you're trying to align
ai_alignment,honesty,an aligned system is one that can be honest about its own limitations
ai_alignment,guardrails_for_ai_systems,guardrails are alignment's short-term implementation while the hard problem remains unsolved
ai_alignment,human_ai_interaction,alignment manifests at the interaction layer before anywhere else
ai_alignment,fringe_epistemology,alignment assumes we know what human values are — fringe epistemology questions that assumption
ai_alignment,spiritual_philosophy,alignment is ultimately an ethics problem wearing an engineering costume
ai_alignment,the_psychology_of_grief,losing control of a system you built is a particular kind of grief
agentic_systems,workflow_automation,automation is agentic systems with the autonomy dial turned down
agentic_systems,api_orchestration,orchestration is the nervous system of an agentic architecture
agentic_systems,autonomous_agents,autonomous agents are agentic systems that have internalized their own goals
agentic_systems,ai_workflows,AI workflows are agentic systems with human checkpoints
agentic_systems,founder_operations,a founder operating alone is a human agentic system
agentic_systems,mvp_thinking,an MVP is the minimum agentic loop that proves the hypothesis
agentic_systems,guardrails_for_ai_systems,guardrails define the action space an agent is permitted to explore
spiritual_philosophy,sufism,sufism is spiritual philosophy turned inward toward direct experience
spiritual_philosophy,mayan_tzolkin,the Tzolk'in is spiritual philosophy encoded in cyclical time
spiritual_philosophy,rosicrucian_ideas,rosicrucianism is spiritual philosophy transmitted through symbol and allegory
spiritual_philosophy,freemasonry,freemasonry is spiritual philosophy delivered through initiatic ritual
spiritual_philosophy,sacred_geometry,sacred geometry is spiritual philosophy made visible
spiritual_philosophy,synchronicity,synchronicity is spiritual philosophy's answer to causality
spiritual_philosophy,human_meaning_making,spiritual philosophy is meaning-making at the largest possible scale
spiritual_philosophy,mysticism,mysticism is spiritual philosophy pursued through direct experience
spiritual_philosophy,ancient_symbolism,ancient symbolism is spiritual philosophy encoded in surviving artifacts
spiritual_philosophy,mythology,mythology is spiritual philosophy told as story
synchronicity,fringe_epistemology,synchronicity sits at the edge of what epistemology allows as evidence
synchronicity,pattern_recognition,synchronicity is pattern recognition operating beyond conscious intent
synchronicity,the_unknown,synchronicity points to order in what appears random
synchronicity,observation_as_superpower,synchronicity rewards those who observe closely enough to notice it
synchronicity,speculative_cosmology,synchronicity implies a cosmos with more structure than physics currently models
synchronicity,consciousness_related_phenomena,synchronicity is consciousness-related phenomena made personally legible
human_meaning_making,mythology,mythology is meaning-making at civilizational scale
human_meaning_making,religious_symbolism,religious symbolism is meaning-making made communally transmissible
human_meaning_making,the_psychology_of_grief,grief is meaning-making under conditions of loss
human_meaning_making,music_as_identity,music is one of the primary vehicles through which humans construct identity
human_meaning_making,identity_through_craft,craft is meaning-making made durable
human_meaning_making,longing_as_fuel,longing is meaning-making in search of its object
human_meaning_making,darkness_as_metaphor,darkness as metaphor is meaning-making that doesn't flinch
human_meaning_making,auteur_cinema,auteur cinema is meaning-making through a singular obsessive lens
human_meaning_making,jrpg,JRPGs are meaning-making machines dressed as entertainment
human_meaning_making,somber_beauty,somber beauty is meaning found in the aesthetics of loss
fringe_epistemology,perception_vs_reality,fringe epistemology begins where consensus perception ends
fringe_epistemology,hidden_history_narratives,hidden history is fringe epistemology applied to the past
fringe_epistemology,symbolic_archaeology,symbolic archaeology is fringe epistemology applied to surviving artifacts
fringe_epistemology,ufo_uap_discussions,UAP discourse is fringe epistemology's most visible current expression
fringe_epistemology,conspiracy_theories,conspiracy theories are fringe epistemology without sufficient skepticism
fringe_epistemology,the_unknown,fringe epistemology is organized curiosity about the unknown
fringe_epistemology,simulation_reality,simulation theory is fringe epistemology that physics is beginning to take seriously
fringe_epistemology,historical_anomalies,historical anomalies are the data points fringe epistemology builds from
fringe_epistemology,physics_beyond_public_understanding,fringe epistemology asks what physics hasn't been allowed to publish
fringe_epistemology,honesty,epistemic honesty is the dividing line between fringe curiosity and delusion
portfolio_as_product,personalized_ux,personalization is portfolio-as-product taken to its logical conclusion
portfolio_as_product,visitor_token_systems,visitor tokens are the mechanism for portfolio personalization
portfolio_as_product,command_palettes,command palettes are portfolio-as-product's power-user interface
portfolio_as_product,graph_based_interfaces,a graph interface is portfolio-as-product at its most ambitious
portfolio_as_product,interactive_portfolios,interactivity is what separates a portfolio-product from a portfolio-document
portfolio_as_product,recruiter_experience_psychology,knowing your recruiter is product thinking applied to job search
portfolio_as_product,project_does_the_talking,the portfolio-as-product philosophy ends in work that speaks for itself
portfolio_as_product,visual_storytelling,portfolio-as-product communicates through visual sequence not bullet points
portfolio_as_product,experience_visualization,experience visualization is portfolio-as-product's core interaction
graph_based_interfaces,cognitive_mapping,graph interfaces externalize cognitive maps
graph_based_interfaces,domain_modeling,a graph interface is domain modeling made navigable
graph_based_interfaces,semantic_architecture,graph interfaces require semantic architecture to be meaningful
graph_based_interfaces,experience_visualization,graphs make experience navigable rather than readable
graph_based_interfaces,frontend_architecture,graph interfaces are among the most complex frontend architectural challenges
graph_based_interfaces,system_thinking,a graph interface is system thinking made visible
visual_storytelling,motion_design,motion is the temporal dimension of visual storytelling
visual_storytelling,subtle_animation_systems,subtle animation is visual storytelling in the micro register
visual_storytelling,shader_effects,shaders are visual storytelling at the pixel level
visual_storytelling,three_js,three.js enables visual storytelling in three dimensions
visual_storytelling,cinematic_experiences,cinema is the highest form of visual storytelling at scale
visual_storytelling,auteur_cinema,auteur cinema is visual storytelling as personal obsession
visual_storytelling,symbolic_lyricism,symbolic lyrics and visual storytelling share the same compression logic
visual_storytelling,storybook,storybook is visual storytelling applied to component documentation
visual_storytelling,canvas_rendering,canvas is where visual storytelling meets generative code
design_systems,token_based_theming,design tokens are the atomic layer of a design system
design_systems,algorithmic_ui_theming,algorithmic theming extends design systems into generative territory
design_systems,dynamic_color_systems,dynamic color is a design system that responds to context
design_systems,component_systems,component systems are the structural expression of a design system
design_systems,accessibility,accessibility is a design system constraint that improves all outcomes
design_systems,semantic_architecture,a design system's power comes from its semantic coherence
design_systems,naming_systems,naming systems are the conceptual layer of a design system
design_systems,design_token_export_systems,export tooling is what makes a design system cross-platform
design_systems,frontend_architecture,design systems are frontend architecture made visual
frontend_architecture,browser_internals,understanding the browser is understanding your runtime
frontend_architecture,rendering_pipelines,rendering pipelines are the execution path of frontend architecture
frontend_architecture,hydration_strategies,hydration is the handoff between server and client architecture
frontend_architecture,ssr,SSR is frontend architecture optimized for initial load
frontend_architecture,isr,ISR is frontend architecture optimized for freshness at scale
frontend_architecture,caching_strategies,caching is frontend architecture's answer to latency
frontend_architecture,cdn_architecture,CDN architecture is frontend architecture at geographic scale
frontend_architecture,event_loops,the event loop is the heartbeat of frontend architecture
frontend_architecture,component_extraction,component extraction is frontend architecture in practice
frontend_architecture,semantic_utilities,semantic utilities are frontend architecture made legible
frontend_architecture,react,React is the primary primitive of modern frontend architecture
frontend_architecture,typescript,TypeScript is frontend architecture's type safety layer
frontend_architecture,nextjs,Next.js is frontend architecture with production defaults
frontend_performance,flame_charts,flame charts are the primary instrument of frontend performance work
frontend_performance,chrome_devtools,Chrome DevTools is the studio for frontend performance debugging
frontend_performance,memory_profiling,memory profiling catches the leaks frontend performance misses
frontend_performance,network_waterfalls,network waterfalls reveal the sequencing cost of frontend architecture
frontend_performance,gpu_compositing,GPU compositing is frontend performance at the rendering layer
frontend_performance,performance_debugging,frontend performance is a specific domain of performance debugging
frontend_performance,rendering_pipelines,rendering pipelines are where frontend performance is won or lost
frontend_performance,event_loops,event loop starvation is the most common frontend performance failure
songwriting,emotional_storytelling_through_music,songwriting is emotional storytelling in compressed form
songwriting,symbolic_lyricism,symbolic lyricism is songwriting's highest technical mode
songwriting,alliteration_in_lyrics,alliteration is a songwriting texture before it is a meaning
songwriting,vocal_layering,vocal layering is songwriting extended into arrangement
songwriting,atmospheric_production,atmospheric production is the environment songwriting lives inside
songwriting,album_sequencing,album sequencing is songwriting at the macro scale
songwriting,music_as_identity,every song is a statement of identity at the moment of writing
songwriting,longing_as_fuel,longing is songwriting's most renewable fuel source
songwriting,darkness_as_metaphor,darkness as metaphor is songwriting giving difficult feelings a home
songwriting,honesty,the songs that land are the ones that don't protect the writer
atmospheric_production,ambient_textures,ambient textures are atmospheric production's primary material
atmospheric_production,sound_design,sound design is the craft layer beneath atmospheric production
atmospheric_production,guitar_tone_shaping,guitar tone shaping is atmospheric production at the source
atmospheric_production,vocal_layering,vocal layering adds human depth to atmospheric production
atmospheric_production,mixing,mixing is where atmospheric production becomes a finished environment
atmospheric_production,tension_beauty_coexistence,atmospheric production holds tension and beauty in the same space
atmospheric_production,deftones_inspired_contrast,the Deftones defined atmospheric production as heavy and beautiful simultaneously
atmospheric_production,dreamlike_environments,atmospheric production creates dreamlike environments in audio
atmospheric_production,somber_beauty,atmospheric production is the primary vehicle for somber beauty in music
atmospheric_production,electronic_future_beats,electronic production is atmospheric production's most expansive palette
atmospheric_production,japanese_pop_city_pop,Japanese pop and city pop elevated atmospheric production to an art form
music_as_medicine,emotional_integration,music as medicine is emotional integration through sound
music_as_medicine,the_psychology_of_grief,music is one of the most effective containers for grief
music_as_medicine,acceptance_through_motion,music moves the body into states the mind resists
music_as_medicine,conscious_reintegration,music as medicine supports the reintegration of fragmented experience
music_as_medicine,music_as_identity,what heals you is often what you are
music_as_medicine,goosebump_inducing_resolution,the goosebump response is music as medicine working at the cellular level
music_as_medicine,somber_beauty,somber beauty in music is medicine for grief that wants to be witnessed
music_as_medicine,longing_as_fuel,music as medicine transforms longing from wound to fuel
live_performance_design,sound_design,live performance design begins with how things sound in space
live_performance_design,motion_design,motion design extends live performance into the visual dimension
live_performance_design,subtle_animation_systems,subtle animation in live contexts creates presence without distraction
live_performance_design,performance_over_perfection,live performance is performance over perfection by definition
live_performance_design,tension_beauty_coexistence,live performance holds tension and beauty in real time
live_performance_design,cinematic_experiences,the best live performances are cinematic experiences
live_performance_design,visual_storytelling,live performance design is visual storytelling in physical space
modal_interchange,tension_beauty_coexistence,borrowed chords create tension and beauty simultaneously
modal_interchange,goosebump_inducing_resolution,modal interchange is one of the primary mechanisms for goosebump-inducing resolution
modal_interchange,emotional_storytelling_through_music,modal interchange expands the emotional vocabulary of a composition
modal_interchange,jazz_neo_soul,jazz harmony is built on modal interchange as a foundational tool
modal_interchange,complexity_theory,modal interchange is complexity theory applied to harmonic systems
modal_interchange,polyrhythms,polyrhythms and modal interchange are the two axes of musical complexity
polyrhythms,rhythmic_complexity,polyrhythms are rhythmic complexity at its most structural
polyrhythms,djent_progressive_metal,djent is defined by polyrhythmic riffing as a compositional language
polyrhythms,jazz_neo_soul,jazz has always used polyrhythm as a structural and expressive tool
polyrhythms,complexity_theory,polyrhythms are complexity theory expressed as sound
polyrhythms,system_thinking,overlapping rhythmic systems produce emergent pattern
complexity_theory,system_thinking,complexity theory is the formal study of what system thinking observes
complexity_theory,polyrhythms,polyrhythms are an acoustic expression of complexity theory
complexity_theory,cognitive_architectures,cognitive architectures are complex systems with emergent properties
complexity_theory,agentic_systems,agentic systems exhibit complexity theory behavior at scale
complexity_theory,emergent_behavior,emergent behavior is complexity theory's primary observable output
complexity_theory,domain_modeling,domain modeling must account for emergent complexity
complexity_theory,event_driven_architecture,event-driven systems are complexity theory in software architecture
complexity_theory,djent_progressive_metal,djent compositional structure mirrors complexity theory principles
complexity_theory,speculative_cosmology,speculative cosmology applies complexity theory to the largest system
tension_beauty_coexistence,deftones_inspired_contrast,the Deftones are the defining example of tension and beauty coexisting
tension_beauty_coexistence,goosebump_inducing_resolution,tension makes resolution feel like relief
tension_beauty_coexistence,darkness_as_metaphor,darkness and beauty held together is the highest aesthetic mode
tension_beauty_coexistence,somber_beauty,somber beauty is tension and beauty coexisting in the quiet register
tension_beauty_coexistence,atmospheric_production,atmospheric production is the environment where tension and beauty live together
tension_beauty_coexistence,paranormal_horror,paranormal horror generates tension and beauty through dread and wonder
tension_beauty_coexistence,gothic_dark_fantasy,gothic aesthetics are built on the coexistence of decay and beauty
tension_beauty_coexistence,soulslike,soulslike games are built entirely on the tension and beauty of difficulty
tension_beauty_coexistence,modal_interchange,modal interchange is the harmonic expression of tension and beauty coexisting
sound_design,atmospheric_production,sound design is the craft beneath atmospheric production
sound_design,ambient_textures,ambient textures are sound design in its most environmental mode
sound_design,guitar_tone_shaping,guitar tone shaping is sound design at the instrument level
sound_design,re_amping,re-amping is sound design through signal manipulation
sound_design,mixing,mixing is sound design applied to the full composition
sound_design,mastering,mastering is the final sound design pass before distribution
sound_design,electronic_future_beats,electronic production is sound design as primary composition
sound_design,shader_effects,both shaders and sound design manipulate raw signal into aesthetic experience
sound_design,sonic_symbolism,sound design is the vehicle through which sonic symbolism travels
ufo_uap_discussions,disclosure_history,disclosure history is the institutional record of UAP acknowledgment
ufo_uap_discussions,bob_lazar_claims,Bob Lazar's claims are the most technically specific in UAP discourse
ufo_uap_discussions,gravity_manipulation_theories,gravity manipulation is the most commonly cited UAP propulsion hypothesis
ufo_uap_discussions,physics_beyond_public_understanding,UAP behavior implies physics beyond current public models
ufo_uap_discussions,fringe_epistemology,UAP discourse is fringe epistemology's most empirically active domain
ufo_uap_discussions,ufo_contact_cinema,contact cinema is UAP discourse processed through narrative
ufo_uap_discussions,ancient_depictions_of_anomalies,ancient depictions are UAP discourse extended into pre-modern history
ufo_uap_discussions,hidden_history_narratives,UAP disclosure implies hidden history at the highest institutional levels
ufo_uap_discussions,the_unknown,UAP discourse is organized inquiry into a specific dimension of the unknown
perception_vs_reality,simulation_reality,simulation theory is perception vs reality taken to its logical extreme
perception_vs_reality,fringe_epistemology,fringe epistemology is organized inquiry into the gap between perception and reality
perception_vs_reality,consciousness_related_phenomena,consciousness-related phenomena occur precisely at the edge of perception and reality
perception_vs_reality,mysticism,mysticism is perception vs reality explored through direct experience
perception_vs_reality,synchronicity,synchronicity is a perception vs reality event that can't be explained away
perception_vs_reality,paranormal_horror,paranormal horror is perception vs reality weaponized as dread
perception_vs_reality,human_consciousness,consciousness is the instrument through which perception and reality meet
perception_vs_reality,transformer_models,models perceive only what their training distribution allows them to see
the_psychology_of_grief,longing_as_fuel,grief that hasn't resolved becomes longing
the_psychology_of_grief,darkness_as_metaphor,darkness as metaphor is grief given aesthetic permission
the_psychology_of_grief,acceptance_through_motion,acceptance through motion is the somatic path through grief
the_psychology_of_grief,conscious_reintegration,grief is complete when what was lost is integrated not erased
the_psychology_of_grief,music_as_medicine,music is one of grief's most reliable containers
the_psychology_of_grief,somber_beauty,somber beauty is the aesthetic of grief that wants to be witnessed
the_psychology_of_grief,sun_kil_moon,Mark Kozelek's work is grief processed in real time as music
the_psychology_of_grief,folk_singer_songwriter,folk music is grief's most natural genre home
the_psychology_of_grief,auteur_cinema,the best auteur cinema holds grief without resolving it
the_psychology_of_grief,memory_linked_places,grief lives in places before it lives anywhere else
rainy_atmospheres,atmospheric_production,rain is nature's atmospheric production
rainy_atmospheres,somber_beauty,rainy atmospheres are somber beauty made environmental
rainy_atmospheres,introspection,rain externalizes the internal weather introspection navigates
quiet_spaces,introspection,quiet spaces are the physical infrastructure of introspection
quiet_spaces,deep_conversations,the best conversations happen in quiet spaces
quiet_spaces,observation_as_superpower,quiet spaces are where observation sharpens
nature,awe,nature is the oldest awe delivery system
nature,wonder,nature is wonder made physical
nature,sacred_geometry,natural forms express sacred geometry without intention
great_cafes,deep_conversations,great cafés are containers for conversations that go somewhere
great_cafes,quiet_spaces,the best cafés are quiet spaces with ambient life
great_cafes,atmospheric_production,the right café is a production environment
memory_linked_places,longing_as_fuel,places carry longing the way objects carry memory
memory_linked_places,the_psychology_of_grief,grief lives in places before it lives anywhere else
memory_linked_places,somber_beauty,memory-linked places are somber beauty made geographic
dreamlike_environments,atmospheric_production,dreamlike environments are atmospheric production applied to space
dreamlike_environments,wonder,dreamlike environments sustain wonder by refusing full legibility
dreamlike_environments,japanese_pop_city_pop,Japanese pop and city pop create dreamlike environments in audio
emotional_ambiance,atmospheric_production,emotional ambiance is atmospheric production applied to lived space
emotional_ambiance,somber_beauty,somber beauty is emotional ambiance in its most refined form
emotional_ambiance,music_as_medicine,emotional ambiance is the environment music as medicine creates
cinematic_experiences,auteur_cinema,auteur cinema is the highest form of cinematic experience
cinematic_experiences,visual_storytelling,cinematic experience is visual storytelling at maximum scale
cinematic_experiences,existential_sci_fi,existential sci-fi produces cinematic experiences that alter how you see
exploration,wonder,exploration is wonder with legs
exploration,the_unknown,exploration is the physical act of entering the unknown
exploration,open_world_action,open world games are exploration made interactive
japanese_food,japanese_pop_city_pop,cultural affinity for Japan runs across food music and aesthetics
podcasts,deep_conversations,podcasts are deep conversations made portable
podcasts,recursive_learning,long-form podcasts are recursive learning in audio form
youtube_rabbit_holes,fringe_epistemology,YouTube rabbit holes are the primary delivery mechanism for fringe epistemology
youtube_rabbit_holes,recursive_learning,rabbit holes are recursive learning driven by curiosity not curriculum
gaming,rpgs,RPGs are gaming's most narrative-dense expression
gaming,fps_games,FPS games are gaming's most reflexive and spatial expression
fitboxing,acceptance_through_motion,fitboxing is acceptance through motion made rhythmic
paintball,fps_arena,paintball is FPS gaming made physical
positional_encoding,transformer_models,positional encoding is how transformers know where they are in a sequence
embeddings,transformer_models,embeddings are the representational layer transformers operate on
embeddings,semantic_architecture,embeddings are semantic architecture implemented as vector space
embeddings,cognitive_architectures,embeddings are how cognitive architectures represent meaning
human_ai_interaction,ai_product_design,human-AI interaction is what AI product design is optimizing for
human_ai_interaction,ux_engineering,human-AI interaction is UX engineering at the model boundary
human_ai_interaction,ai_alignment,alignment manifests at the interaction layer before anywhere else
ai_product_design,human_ai_interaction,AI product design shapes how human-AI interaction unfolds
ai_product_design,product_thinking,AI product design requires product thinking at the model boundary
ai_product_design,guardrails_for_ai_systems,guardrails are AI product design's safety layer
storybook,component_systems,Storybook is the development environment for component systems
storybook,design_systems,Storybook makes design systems visible and testable
storybook,visual_storytelling,Storybook is visual storytelling applied to component documentation
accessibility,design_systems,accessibility is a design system constraint that improves all outcomes
accessibility,ux_engineering,accessibility is UX engineering's ethical baseline
accessibility,frontend_architecture,accessible architecture is better architecture
component_extraction,frontend_architecture,component extraction is frontend architecture in practice
component_extraction,component_systems,extraction is how component systems grow organically
component_extraction,design_systems,component extraction is how design systems stay grounded in real use
semantic_utilities,naming_systems,semantic utilities are naming systems applied to CSS
semantic_utilities,semantic_architecture,semantic utilities are semantic architecture at the utility layer
semantic_utilities,frontend_architecture,semantic utilities make frontend architecture self-documenting
naming_systems,semantic_architecture,naming systems are the conceptual layer of semantic architecture
naming_systems,domain_modeling,naming systems enforce domain modeling at the code level
naming_systems,design_systems,naming systems give design systems their conceptual coherence
product_scoping,mvp_thinking,product scoping defines the boundary of the MVP
product_scoping,product_roadmapping,product scoping is the prerequisite to honest roadmapping
product_scoping,tradeoff_analysis,product scoping is tradeoff analysis applied to features
operational_clarity,operational_maturity,operational clarity is the precondition for operational maturity
operational_clarity,founder_operations,operational clarity is what lets a founder operate without chaos
operational_clarity,ownership_culture,operational clarity is what ownership culture requires to function
ai_enabled_business_systems,agentic_systems,AI-enabled business systems are agentic systems with commercial goals
ai_enabled_business_systems,workflow_automation,AI-enabled business systems automate what used to require headcount
ai_enabled_business_systems,founder_operations,AI-enabled business systems let a small founder team operate at larger scale
physics_beyond_public_understanding,gravity_manipulation_theories,gravity manipulation is the most discussed application of suppressed physics
physics_beyond_public_understanding,ufo_uap_discussions,UAP behavior is the primary observable evidence for beyond-public physics
physics_beyond_public_understanding,speculative_cosmology,speculative cosmology reaches for the physics that public discourse hasn't caught up to
ancient_depictions_of_anomalies,symbolic_archaeology,ancient depictions of anomalies are symbolic archaeology's most provocative material
ancient_depictions_of_anomalies,hidden_history_narratives,ancient anomalies are the evidence base for hidden history narratives
ancient_depictions_of_anomalies,ufo_uap_discussions,ancient depictions extend UAP discourse into pre-modern history
rpgs,gaming,RPGs are gaming's most narrative-dense expression
rpgs,jrpg,JRPGs are the Eastern tradition of RPG design
rpgs,atmospheric_narrative,atmospheric narrative games are RPGs that prioritize mood over mechanics
fps_games,gaming,FPS games are gaming's most reflexive and spatial expression
fps_games,fps_arena,FPS games are the genre that fps arena games belong to
analytics_instrumentation,operational_maturity,analytics instrumentation is operational maturity made measurable
analytics_instrumentation,product_thinking,analytics instrumentation closes the product thinking feedback loop
conscious_reintegration,emotional_integration,conscious reintegration is emotional integration brought to completion
conscious_reintegration,acceptance_through_motion,acceptance through motion is the somatic path to conscious reintegration
geometric_harmony,sacred_geometry,geometric harmony is sacred geometry experienced aesthetically
geometric_harmony,algorithmic_ui_theming,geometric harmony applied to UI generates algorithmic themes
pattern_recognition,synchronicity,synchronicity is pattern recognition operating beyond conscious intent
pattern_recognition,observation_as_superpower,observation is pattern recognition made deliberate
pattern_recognition,cognitive_architectures,pattern recognition is a foundational operation in cognitive architectures
pattern_recognition,fringe_epistemology,fringe epistemology is pattern recognition applied to anomalous data
emergent_behavior,complexity_theory,emergent behavior is complexity theory's primary observable output
emergent_behavior,system_thinking,emergent behavior is what system thinking predicts and studies
emergent_behavior,creative_systems,creative systems succeed when their output exhibits emergent behavior
emergent_behavior,agentic_systems,emergent behavior in agentic systems is both the goal and the risk
meshuggah,djent_progressive_metal,defining influence on the genre
periphery,djent_progressive_metal,core djent band
animals_as_leaders,djent_progressive_metal,instrumental djent pioneers
karmanjakah,djent_progressive_metal,progressive metal artist
ions,electronic_future_beats,electronic artist
jeff_loomis,djent_progressive_metal,virtuoso guitarist central to the genre
spiritbox,alt_metal_post_hardcore,Canadian heavy metal act
skyharbor,djent_progressive_metal,Indian-American progressive metal
deftones,alt_metal_post_hardcore,defining alt metal band
deftones,atmospheric_production,the Deftones defined heavy atmospheric production
fear_factory,alt_metal_post_hardcore,industrial metal pioneers
glassjaw,alt_metal_post_hardcore,post-hardcore influence
tennyson,electronic_future_beats,electronic duo
anomalie,electronic_future_beats,electronic producer
athletic_progression,electronic_future_beats,electronic artist
yussef_dayes,jazz_neo_soul,British jazz drummer
wilco,art_rock,American alt rock institution
tv_girl,indie_pop_dream_pop,indie pop band
tomita_lab,japanese_pop_city_pop,Japanese pop artist
thundercat,jazz_neo_soul,bassist and producer
hed_pe,alt_metal_post_hardcore,rap-metal band
tennis,indie_pop_dream_pop,indie pop duo
sun_kil_moon,folk_singer_songwriter,folk rock project of Mark Kozelek
sun_kil_moon,art_rock,art rock dimension of Mark Kozelek's work
sondre_lerche,folk_singer_songwriter,Norwegian singer-songwriter
snail_mail,indie_pop_dream_pop,indie rock artist
shadow_community,orchestral_art_pop,orchestral art pop artist
sean_ono_lennon,art_rock,art rock musician
samara_cyn,jazz_neo_soul,R&B singer
sam_gellaitry,electronic_future_beats,electronic producer
radiohead,art_rock,defining art rock band
post_malone,hip_hop_rnb,rapper and singer
photay,electronic_future_beats,electronic producer
oren_lavie,folk_singer_songwriter,Israeli singer-songwriter
mt_marcy,folk_singer_songwriter,folk singer-songwriter
moonchild,jazz_neo_soul,jazz-influenced R&B trio
mild_high_club,indie_pop_dream_pop,indie pop project
mac_miller,hip_hop_rnb,rapper and producer
the_last_shadow_puppets,art_rock,art rock supergroup
lamp,japanese_pop_city_pop,Japanese indie pop trio
kirinji,japanese_pop_city_pop,Japanese pop band
king_krule,art_rock,art rock musician
kendrick_lamar,hip_hop_rnb,defining rapper of his generation
kazuki_isogai,japanese_pop_city_pop,Japanese musician
kali_uchis,hip_hop_rnb,Colombian-American singer
jeff_tweedy,folk_singer_songwriter,singer-songwriter and Wilco frontman
jeff_tweedy,art_rock,art rock dimension of Wilco
jay_som,indie_pop_dream_pop,indie pop musician
japanese_breakfast,indie_pop_dream_pop,indie pop project
jacob_collier,jazz_neo_soul,multi-instrumentalist and harmonic genius
van_dyke_parks,orchestral_art_pop,orchestral pop songwriter
silverchair,alt_metal_post_hardcore,Australian alternative rock band
silverchair,grunge,grunge dimension of early Silverchair
homeshake,indie_pop_dream_pop,lo-fi pop project
hiatus_kaiyote,jazz_neo_soul,Australian neo-soul band
gustavo_cerati,orchestral_art_pop,Argentine rock musician
giraffage,electronic_future_beats,electronic producer
flyte,indie_pop_dream_pop,British indie pop
ethan_french,folk_singer_songwriter,singer-songwriter
erykah_badu,jazz_neo_soul,neo-soul icon
eloise,indie_pop_dream_pop,British singer-songwriter
dr_dog,art_rock,indie rock band
dent_may,indie_pop_dream_pop,indie pop musician
cornelius,japanese_pop_city_pop,experimental pop musician
cero,japanese_pop_city_pop,Japanese indie pop band
cafune,indie_pop_dream_pop,indie pop duo
bonobo,electronic_future_beats,electronic musician
bobbing,folk_singer_songwriter,indie folk artist
blah_blah_blah,folk_singer_songwriter,indie artist
billie_marten,folk_singer_songwriter,British singer-songwriter
phoebe_bridgers,folk_singer_songwriter,indie folk singer-songwriter
nirvana,grunge,defining grunge band
foo_fighters,grunge,post-grunge rock band
pearl_jam,grunge,defining grunge band
alice_in_chains,grunge,defining grunge band
stone_temple_pilots,grunge,grunge band
big_fish,auteur_cinema,Tim Burton fantasy film
the_legend_of_1900,auteur_cinema,Italian arthouse drama
kill_bill,auteur_cinema,Tarantino martial arts epic
inglourious_basterds,auteur_cinema,Tarantino WWII film
once_upon_a_time_in_hollywood,auteur_cinema,Tarantino Hollywood film
the_phoenician_scheme,auteur_cinema,Wes Anderson film
the_life_aquatic,auteur_cinema,Wes Anderson film
ace_ventura,comedy_chaos,Jim Carrey comedy
road_trip,comedy_chaos,comedy film
eurotrip,comedy_chaos,comedy film
shaun_of_the_dead,comedy_chaos,Edgar Wright comedy
hot_fuzz,comedy_chaos,Edgar Wright comedy
the_worlds_end,comedy_chaos,Edgar Wright comedy
paul,comedy_chaos,sci-fi comedy
american_pie,comedy_chaos,teen comedy
rush_hour,action_thriller,action comedy
jackass,comedy_chaos,stunt comedy
south_park_blu,comedy_chaos,animated comedy film
anchorman,comedy_chaos,Will Ferrell comedy
step_brothers,comedy_chaos,Will Ferrell comedy
talladega_nights,comedy_chaos,Will Ferrell comedy
pineapple_express,comedy_chaos,stoner comedy
the_interview,comedy_chaos,Seth Rogen comedy
this_is_the_end,comedy_chaos,apocalyptic comedy
what_dreams_may_come,existential_sci_fi,afterlife fantasy drama
the_matrix,simulation_reality,defining simulation theory film
altered_carbon,existential_sci_fi,cyberpunk consciousness series
the_mummy,myth_spectacle,adventure fantasy film
avengers_endgame,myth_spectacle,Marvel epic
gattaca,existential_sci_fi,genetic determinism sci-fi
arrival,existential_sci_fi,linguistic consciousness sci-fi
oceans_eleven,action_thriller,heist film
v_for_vendetta,gothic_dark_fantasy,political dystopia film
identity,simulation_reality,psychological thriller about identity
the_ninth_gate,paranormal_horror,occult thriller
unbreakable,myth_spectacle,superhero origin film
the_blair_witch_project,paranormal_horror,found footage horror
vanilla_sky,simulation_reality,surrealist reality film
the_fifth_element,myth_spectacle,sci-fi spectacle film
close_encounters,ufo_contact_cinema,Spielberg's UAP contact film
the_fourth_kind,ufo_contact_cinema,alien abduction horror film
ai_artificial_intelligence,existential_sci_fi,Spielberg AI consciousness film
metropolis,existential_sci_fi,Fritz Lang's foundational sci-fi
dune,existential_sci_fi,epic sci-fi adaptation
dune,myth_spectacle,myth and spectacle dimension of Dune
independence_day,myth_spectacle,alien invasion spectacle
terminator_2,myth_spectacle,sci-fi action spectacle
war_of_the_worlds,myth_spectacle,alien invasion film
the_others,paranormal_horror,gothic horror film
signs,paranormal_horror,alien thriller
the_village,paranormal_horror,period mystery
her,existential_sci_fi,AI love story
constantine,paranormal_horror,supernatural thriller
the_ring,paranormal_horror,supernatural horror
john_wick,action_thriller,action thriller franchise
dracula,gothic_dark_fantasy,gothic vampire film
sleepy_hollow,gothic_dark_fantasy,Tim Burton gothic horror
frankenstein_del_toro,gothic_dark_fantasy,Guillermo del Toro gothic horror
interstellar,existential_sci_fi,space-time consciousness epic
lord_of_the_rings,myth_spectacle,fantasy myth epic
the_conjuring,paranormal_horror,supernatural horror film
zelda_ocarina_of_time,classic_n64_era,Nintendo 64 classic
zelda_majoras_mask,classic_n64_era,darker Nintendo 64 Zelda
mortal_kombat_3,classic_n64_era,fighting game classic
doom,fps_arena,seminal first-person shooter
duke_nukem_3d,fps_arena,classic FPS
super_mario_64,classic_n64_era,3D platformer landmark
age_of_empires_ii,classic_n64_era,RTS classic
banjo_kazooie,classic_n64_era,N64 platformer
mario_kart,classic_n64_era,kart racing classic
diddy_kong_racing,classic_n64_era,N64 kart racing
final_fantasy_vii,jrpg,iconic JRPG
devil_may_cry,open_world_action,action hack-and-slash
halo,fps_arena,defining console FPS
gears_of_war,fps_arena,cover-based shooter
god_of_war_ragnarok,open_world_action,Norse mythology action game
call_of_duty,fps_arena,military FPS franchise
persona_5,jrpg,JRPG about rebellion and identity
overwatch,fps_arena,hero shooter
baldurs_gate_3,atmospheric_narrative,D&D RPG epic
elden_ring,soulslike,open-world soulslike
sekiro,soulslike,precision soulslike
death_stranding,atmospheric_narrative,meditative delivery game
death_stranding,human_consciousness,strand theory is consciousness externalised as infrastructure
death_stranding_2,atmospheric_narrative,sequel to Death Stranding
ghost_of_tsushima,open_world_action,samurai open world
ghost_of_yotei,open_world_action,sequel to Ghost of Tsushima
zelda_botw,open_world_action,open-world Zelda reinvention
zelda_totk,open_world_action,sequel to Breath of the Wild
the_outer_worlds_2,atmospheric_narrative,sci-fi RPG sequel
lost_odyssey,jrpg,emotional JRPG classic
final_fantasy_vii_rebirth,jrpg,FFVII remake continuation
metaphor_refantazio,jrpg,fantasy RPG from the Persona team
arc_raiders,fps_arena,extraction shooter
cyberpunk_2077,open_world_action,open-world cyberpunk RPG
wizard_with_a_gun,indie_cozy,survival crafting game
bloomtown,indie_cozy,retro indie RPG
assassins_creed_iv,open_world_action,naval open-world action
sea_of_stars,indie_cozy,turn-based RPG homage
sea_of_stars,jrpg,JRPG dimension of Sea of Stars
lies_of_p,soulslike,Pinocchio soulslike
the_first_berserker_khazan,soulslike,Korean soulslike
clair_obscur,jrpg,French turn-based RPG
clair_obscur,existential_sci_fi,existential themes at the core of the game
clair_obscur,human_consciousness,the game interrogates memory and conscious continuity
dave_the_diver,indie_cozy,hybrid diving and restaurant game
black_myth_wukong,soulslike,Chinese action RPG soulslike
for_the_king,indie_cozy,roguelike strategy RPG
music,indie_pop_dream_pop,a genre I keep coming back to
music,hip_hop_rnb,a genre I keep coming back to
music,orchestral_art_pop,a genre I keep coming back to
music,folk_singer_songwriter,a genre I keep coming back to
music,djent_progressive_metal,a genre I keep coming back to
music,jazz_neo_soul,a genre I keep coming back to
music,music_as_identity,what music means to me
music,songwriting,the craft I care about
music_composition,songwriting,the craft behind it
piano_voicings,jazz_neo_soul,harmony I gravitate to
fingerpicked_nylon_guitar,folk_singer_songwriter,the sound I play
heavy_but_melodic,djent_progressive_metal,the balance I chase
comedy_chaos,cinematic_experiences,films as comfort
action_thriller,cinematic_experiences,popcorn watches
classic_n64_era,gaming,where it started
system_design,frontend_architecture,the structural layer
viewmodel_architecture,frontend_architecture,a UI architecture pattern
xaml_systems,design_systems,UI framework work
noesis_ui,design_systems,a UI framework
posthog,product_thinking,product analytics
git_workflows,frontend_architecture,daily build workflow
gitflow,git_workflows,a branching model
vs_code_workflows,frontend_architecture,my editor setup
terminal_workflows,frontend_architecture,shell-driven dev
llm_systems,agentic_systems,the models behind agents
ai_assisted_engineering,agentic_systems,AI in my workflow
consciousness_and_technology,human_consciousness,tech meets mind
radical_honesty,emotional_integration,how I relate
movies_that_take_you_far_away,cinematic_experiences,escapist films
jrpgs,gaming,a genre I sink into
parks,emotional_integration,nature where I recenter and ease my mind
